Nome: TUCURUI
Codigo Estacao: 82361
Latitude: -3.760131
Longitude: -49.666581
Altitude: 27.83
Situacao: Operante
Data Inicial: 1998-01-01
Data Final: 2020-09-29
Periodicidade da Medicao: Mensal

Data Medicao;DIRECAO PREDOMINANTE DO VENTO, MENSAL(° (gr));EVAPORACAO DO PICHE, MENSAL(mm);EVAPOTRANSPIRACAO POTENCIAL, BH MENSAL(mm);EVAPOTRANSPIRACAO REAL, BH MENSAL(mm);INSOLACAO TOTAL, MENSAL(h);NEBULOSIDADE, MEDIA MENSAL(décimos);NUMERO DE DIAS COM PRECIP. PLUV, MENSAL(número);PRECIPITACAO TOTAL, MENSAL(mm);PRESSAO ATMOSFERICA, MEDIA MENSAL(mB);TEMPERATURA MAXIMA MEDIA, MENSAL(°C);TEMPERATURA MEDIA COMPENSADA, MENSAL(°C);TEMPERATURA MINIMA MEDIA, MENSAL(°C);UMIDADE RELATIVA DO AR, MEDIA MENSAL(%);VENTO, VELOCIDADE MAXIMA MENSAL(m/s);VENTO, VELOCIDADE MEDIA MENSAL(m/s);VISIBILIDADE, MEDIA MENSAL(codigo);
1998-01-31;null;null;null;null;null;null;null;null;null;null;null;null;null;null;null;null;null;
1998-02-28;null;null;null;null;null;null;null;null;null;null;null;null;null;null;null;null;null;
1998-03-31;null;null;null;null;null;null;null;null;null;null;null;null;null;null;null;null;null;
1998-04-30;null;null;null;null;null;null;null;null;null;null;null;null;null;null;null;null;null;
1998-05-31;null;null;null;null;null;null;null;null;null;null;null;null;null;null;null;null;null;
1998-06-30;null;null;null;null;null;null;null;null;null;null;null;null;null;null;null;null;null;
1998-07-31;null;null;null;null;null;null;null;null;null;null;null;null;null;null;null;null;null;
1998-08-31;null;null;null;null;null;null;null;null;null;null;null;null;null;null;null;null;null;
1998-09-30;null;null;null;null;null;null;null;null;null;null;null;null;null;null;null;null;null;
1998-10-31;null;null;null;null;null;null;null;null;null;null;null;null;null;null;null;null;null;
1998-11-30;null;null;null;null;null;null;null;null;null;null;null;null;null;null;null;null;null;
1998-12-31;null;null;null;null;null;null;null;null;null;null;null;null;null;null;null;null;null;
1999-01-31;null;null;null;null;null;null;null;null;null;null;null;null;null;null;null;null;null;
1999-02-28;null;null;null;null;null;null;19;307,1;1007,408065;32,157143;null;null;null;4;null;null;null;
1999-03-31;0;50,3;null;null;null;7,924731;30;556;1006,810753;31,451613;26,130968;23,332258;90,491935;4;,88172;51,075269;null;
1999-04-30;0;51,8;null;null;null;7,522222;28;551,5;1007,87;32,386667;26,558;23,503333;90,641667;5;,888889;50,777778;null;
1999-05-31;0;50,7;null;null;null;7,301075;26;545,5;1008,664516;32,209677;26,632258;23,467742;90,491935;4;,849462;52,043011;null;
1999-06-30;32;80,8;null;null;null;4,744444;null;76;1008,204444;33,583333;27,510667;23,65;86,891667;5;,944444;56,888889;null;
1999-07-31;0;110,5;null;null;null;4,129032;null;26,6;1009,44086;33,76129;23,050323;null;84,459677;3;1,096774;56,236559;null;
1999-08-31;32;119;null;null;null;3,698925;null;7,2;1009,080645;34,319355;null;null;83,774194;5;1,55914;56,55914;null;
1999-09-30;36;94,7;null;null;null;5,211111;null;57,9;1007,573333;33,8;23,350667;null;83,916667;10;1,718889;56,555556;null;
1999-10-31;32;84,4;null;null;0;5,55914;null;80,8;1007,731183;33,632258;27,856774;24,316129;85,975806;5;1,483871;55,698925;null;
1999-11-30;32;77,6;null;null;128,9;6,088889;null;90,8;1006,692222;33,01;27,664667;24,353333;86,575;4;1,388889;55,444444;null;
1999-12-31;32;71,8;null;null;125,6;6,827957;19;401,6;1006,57957;32,203226;27,14;24,212903;89,564516;4;1,06129;55,483871;null;
2000-01-31;0;67,6;null;null;173,6;7,225806;23;347,7;1006,503226;32,387097;26,825806;23,474194;89,16129;6;1,270968;55,483871;null;
2000-02-29;32;51,6;null;null;109,1;8,103448;25;580,9;1008,455172;31,458621;26,047586;23,110345;91,422414;8;1,494253;53,793103;null;
2000-03-31;32;59,2;null;null;143,1;8,010753;30;499,5;1006,944086;32,077419;26,243226;23,364516;91,33871;7;1,408602;51,397849;null;
2000-04-30;32;59,5;null;null;156;7,688889;28;355,2;1007,915556;31,973333;26,542;23,593333;91,141667;7;1,4;51,222222;null;
2000-05-31;32;73,9;null;null;188,3;7,16129;19;229,9;1008,186022;32,603226;27,285806;24,054839;89,104839;3;1,225806;54,301075;null;
2000-06-30;14;90,6;null;null;221,4;5,322222;16;88,4;1008,725556;33,063333;27,261333;23,846667;87,091667;5;1,566265;53,555556;null;
2000-07-31;5;90,2;null;null;230,5;5,774194;15;90,2;1008,694624;33,8;27,316774;23,46129;85,354839;5;1,537634;53,548387;null;
2000-08-31;5;106,3;null;null;263,3;4,225806;5;22,7;1008,870968;34,896774;28,03871;23,567742;84,41129;5;1,878495;56,666667;null;
2000-09-30;5;92,7;null;null;181,5;6,066667;15;99;1007,921111;34,37;27,576;23,48;86,308333;5;1,622222;55,666667;null;
2000-10-31;5;114,9;null;null;177,4;6,322581;8;42,9;1008,021505;34,574194;28,407097;24,387097;86,701613;5;1,72043;55,698925;null;
2000-11-30;5;115,8;null;null;153,9;5,6;6;30,9;1005,853333;35,24;28,658667;24,413333;83,05;5;1,533333;56,444444;null;
2000-12-31;5;108,6;null;null;148,4;6,344086;16;180,2;1007,42043;33,841935;27,954194;23,983871;85,903226;5;1,505376;54,516129;null;
2001-01-31;5;71,4;null;null;149,7;7,752688;29;632,2;1008,386022;33,190323;26,699355;22,677419;89,483871;7;1,458065;50,322581;null;
2001-02-28;5;62,1;null;null;116,7;7,75;23;265,1;1007,79881;32,846429;26,538571;22,564286;91,0625;3;1,166667;52,380952;null;
2001-03-31;5;71;null;null;124;7,935484;25;572,9;1008,07957;33,119355;26,874194;22,806452;91,330645;5;1,312903;49,462366;null;
2001-04-30;5;65,2;null;null;150,2;7,255556;26;633;1008,307778;33,263333;26,826667;22,723333;91,508333;5;1,244444;50,933333;null;
2001-05-31;5;75,6;null;null;209,5;6,172043;20;272,1;1008,177419;34,541935;27,663226;23,370968;90,282258;5;1,172043;54,516129;null;
2001-06-30;5;80,1;null;null;219,9;5,433333;15;149,5;1009,508889;33,693333;26,916;22,256667;88,016667;4;1,211111;55,666667;null;
2001-07-31;5;95,5;null;null;249,9;4,053763;6;60,4;1009,409677;34,216129;27,281935;22,1;83,959677;4;1,4;56,774194;null;
2001-08-31;5;140;null;null;264;3,247312;1;3,1;1010,158065;35,087097;27,836774;22,283871;77,362903;4;1,83871;55,698925;null;
2001-09-30;5;106,6;null;null;198,2;5,411111;10;57,8;1007,784444;34,666667;27,875333;23,19;80,616667;5;1,666667;55;null;
2001-10-31;5;115,4;null;null;148,6;5,465054;10;77,1;1007,739785;34,719355;28,220645;23,56129;80,290323;4;1,391828;55,010753;null;
2001-11-30;5;106,3;null;null;113,4;8,1;7;130,9;1006,712222;34,64;28,507333;23,936667;78,975;4;1,566667;52,444444;null;
2001-12-31;5;87,4;null;null;128;6,655914;21;262,9;1006,109677;33,870968;27,989677;23,535484;85,951613;4;1,290323;55,053763;null;
2002-01-31;5;74,8;null;null;164,9;7,580645;26;334,4;1007,98172;33,167742;26,936774;22,477419;86,693548;4;1,494624;54,193548;null;
2002-02-28;36;73,9;null;null;175,9;7,071429;20;252,8;1007,80119;33,967857;27,554286;22,828571;86,634615;5;1,619048;53,928571;null;
2002-03-31;36;81,9;null;null;164,8;7,516129;27;329,6;1007,817204;33,980645;27,096774;22,283871;86,467742;4;1,54086;51,72043;null;
2002-04-30;36;65,4;null;null;149,9;7,1;24;364,1;1007,3;33,26;27,146;22,36;87,475;5;1,266667;53;null;
2002-05-31;36;79,7;null;null;218,5;5,483871;17;194,3;1008,045161;34,33871;27,691613;22,635484;86,072581;5;1,268817;55,483871;null;
2002-06-30;36;89;null;null;231,8;5,155556;12;137,2;1009,771111;34,076667;27,655333;23,525;85,475;4;1,546667;55,111111;null;
2002-07-31;36;97;null;null;228,8;4,860215;11;68,4;1010,247312;34,280645;27,36;21,63871;85,870968;5;1,537634;54,83871;null;
2002-08-31;36;109,1;null;null;240,3;4,83871;7;28,6;1009,365591;35,3;27,723871;21,5;82,879032;5;1,892473;56,344086;null;
2002-09-30;36;122,5;null;null;217,4;5,411111;7;61,4;1008,564444;36,023333;28,3;22,266667;81,633333;4;1,833333;55,555556;null;
2002-10-31;36;122,9;null;null;134;6,591398;4;7,9;1007,443011;34,93871;28,186452;22,6;81,129032;5;1,849462;53,333333;null;
2002-11-30;36;105,1;null;null;131,2;7,4;8;125,3;1007,563333;34,556667;28,453333;23,506667;79,425;4;1,602222;52,666667;null;
2002-12-31;36;74,8;null;null;138,8;7,311828;20;295,4;1007,968817;32,564516;27,899355;24,416129;81,620968;3,6;1,369892;51,935484;null;
2003-01-31;36;63,1;169,293997;169,293997;155,3;5,870968;18;190,9;1008,464516;32,325806;27,84129;24,854839;85,814516;3,6;1,43871;52,903226;null;
2003-02-28;36;45,8;132,768598;132,768598;117,7;7,821429;25;663,4;1008,157143;31,521429;26,846429;23,964286;87,982143;2,7;1,384524;50,595238;null;
2003-03-31;36;51,7;145,856839;145,856839;null;7,817204;25;526,6;1007,948387;31,535484;26,942581;24,116129;87,290323;3,1;1,576344;49,462366;null;
2003-04-30;36;55,2;151,770602;151,770602;152,3;6,666667;21;396;1008,314444;32,476667;27,478;24,473333;85,783333;4,11552;1,491284;53,711111;null;
2003-05-31;36;63;170,831043;170,831043;191,8;5,870968;17;195,9;1008,491398;32,893548;28,145806;24,987097;83,951613;3,4;1,383871;55,591398;null;
2003-06-30;36;60,2;158,280371;158,280371;216,3;5,4;14;87,9;1008,752222;32,99;27,87;24,483333;82,841667;2,5;1,442222;56;null;
2003-07-31;34;105,4;168,17917;44,119629;258,8;3,913978;9;14,5;1009,905376;33,9;28,147742;24,13871;76,798387;2,9;1,572043;55,108696;null;
2003-08-31;36;92;169,234591;78,8;241,9;5,182796;13;78,8;1009,754839;34,253333;28,103871;24,2;78,532258;3,4;1,712903;55,483871;null;
2003-09-30;36;85,5;null;null;210,3;5,455556;8;43,1;1008,752222;33,753333;28,222;24,556667;79,358333;2,7;1,632222;55,444444;null;
2003-10-31;36;85,6;null;null;103,8;6,935484;7;18,6;1007,367742;32,719355;28,173548;24,853333;77,620968;3,6;1,719355;54,408602;null;
2003-11-30;36;76,6;null;null;null;7,133333;11;169,2;1006,643333;32,513333;28,197333;24,903333;79,975;3,8;1,542222;53,777778;null;
2003-12-31;36;79,5;null;null;0;6,569892;15;100,3;1007,24086;32,616129;28,115484;24,767742;79,290323;4,5;1,705376;54,408602;null;
2004-01-31;36;64,5;null;null;15,6;7,44086;20;302,2;1007,102151;31,451613;27,249677;24,416129;82,217742;3,6;1,604301;54,83871;null;
2004-02-29;36;47,3;null;null;127,5;8;25;321,3;1008,325287;31,065517;26,618621;23,996552;84,681034;3,5;1,562069;52,298851;null;
2004-03-31;2;54,2;null;null;145,3;8,010753;27;395,5;1007,504301;31,558065;26,982581;24,270968;84,129032;4,5;1,503226;54,516129;null;
2004-04-30;2;57,2;null;null;181,5;7,4;22;294,7;1007,667778;32,134483;27,403333;24,489655;82,166667;4,6;1,414444;54,111111;null;
2004-05-31;2;69,8;null;null;206,1;6,11828;15;118,1;1008,272043;32,909677;28,135484;24,983871;79,572581;3,6;1,46129;55,913978;null;
2004-06-30;2;73,5;null;null;247,1;5,233333;11;92,9;1010,268889;32,77;27,553333;23,963333;77,066667;3;1,433333;55,444444;null;
2004-07-31;36;88,8;null;null;261,1;4,967742;13;65,6;1009,265591;32,86129;27,383226;23,629032;74,790323;3,6;1,629032;55,053763;null;
2004-08-31;2;90,6;null;null;240,1;4,817204;9;27,9;1010,090323;33,209677;27,834839;24,180645;74,282258;3,2;1,777419;55,483871;null;
2004-09-30;2;82,4;null;null;194,6;5,933333;18;55,1;1008,271111;33,166667;27,968667;24,393333;75,225;3;1,798889;55,222222;null;
2004-10-31;2;103,5;null;null;156,6;7,494624;5;9,4;1007,164516;33,629032;28,743226;25,312903;71,637097;4;1,707527;51,075269;null;
2004-11-30;2;97,4;null;null;108,2;8,211111;9;74,2;1006,608889;33,423333;28,727333;25,36;72,175;3,6;1,721111;42,111111;null;
2004-12-31;2;83,5;null;null;93,1;7,602151;16;112,5;1006,683871;32,406452;28,045806;24,970968;77,33871;3,1;1,529032;47,634409;null;
2005-01-31;36;69;null;null;149,5;6,666667;23;237,4;1006,472043;32,548387;28,023871;24,958065;79,701613;3,5;1,580645;53,870968;null;
2005-02-28;36;45,6;null;null;119,7;7,511905;24;458,7;1006,536905;31,707143;27,285714;24,314286;84,642857;2,8;1,296429;52,02381;null;
2005-03-31;36;53,8;null;null;133,5;7,666667;27;402,1;1007,926882;32,035484;27,412258;24,619355;83,814516;3;1,326882;50,430108;null;
2005-04-30;36;49,2;null;null;155,6;7,466667;24;338,8;1007,593333;32,273333;27,448667;24,383333;83,916667;3,9;1,412222;49,444444;null;
2005-05-31;0;63,7;null;null;188;7,075269;23;325,2;1007,893548;32,380645;27,821935;24,487097;81,185484;4,8;1,305376;51,72043;null;
2005-06-30;36;83,2;null;null;258,4;4,366667;7;29,2;1008,657778;33,26;28,352;24,613793;75,083333;3;1,42;54,222222;null;
2005-07-31;2;106,3;null;null;287,8;3,752688;7;59,4;1009,88172;33,629032;28,059355;23,706452;69,846774;3,4;1,57957;54,193548;null;
2005-08-31;36;108,3;null;null;275,5;4,419355;9;36,8;1008,993548;33,941935;28,26129;24,112903;70,596774;5,6;1,655914;54,086022;null;
2005-09-30;2;111,7;null;null;208,8;5,077778;7;9,3;1008,464444;34,196667;28,811333;25,196667;69,666667;4;1,904444;53,111111;null;
2005-10-31;null;105,6;null;null;181,1;6,473118;7;73;1007,370968;33,570968;28,718065;25,045161;72,032258;null;null;50,967742;null;
2005-11-30;null;100,9;null;null;112,4;7,388889;8;119,3;1005,914444;33,316667;28,838667;25,666667;73,091667;null;null;48,444444;null;
2005-12-31;5;71,8;null;null;114,1;7,075269;26;289,1;1006,303226;31,583871;27,089032;24,206897;81,241935;4,3;1,451613;51,086022;null;
2006-01-31;32;68;null;null;184,6;6,989247;18;323,9;1006,434409;32,16129;27,456129;24,087097;80,548387;3,1;1,416129;54,193548;null;
2006-02-28;0;56,1;null;null;121,4;7,357143;25;411,4;1007,383333;31,478571;26,959286;23,964286;83,241071;3,4;1,308333;51,904762;null;
2006-03-31;32;54,9;null;null;149;8,053763;29;571,3;1007,707527;31,783871;26,836774;23,948387;84,080645;3,8;1,503226;49,139785;null;
2006-04-30;0;50,6;null;null;139,6;7,966667;29;732,3;1007,666667;31,686667;26,933333;23,703333;84,575;3,6;1,087778;47,722222;null;
2006-05-31;14;56,3;null;null;174,6;7,55914;23;338,1;1008,958065;31,706452;27,210968;24,174194;83,048387;3,2;1,321505;50;null;
2006-06-30;14;96;162,517076;162,517076;261,9;4,977778;9;121;1009,383333;32,923333;28,102;24,52;73,225;4;1,517778;54,444444;null;
2006-07-31;14;112;174,915348;90,382924;281,8;4,204301;7;33,1;1009,807527;34,054839;28,339355;24,019355;70,282258;3;1,515054;55,16129;null;
2006-08-31;36;113,4;176,013042;29,6;283,1;4,107527;6;29,6;1008,915054;34,496774;28,404516;24,222581;69,201613;3,3;1,7;55,376344;null;
2006-09-30;5;103,8;178,629812;69,5;227,4;5,377778;10;69,5;1008,707778;34,476667;28,596667;24,766667;71,6;3,6;1,746667;56,711111;null;
2006-10-31;5;111;193,496679;29;208,8;5,473118;9;29,1;1006,983871;34,487097;29,072903;25,264516;70,943548;3,2;1,66129;54,236559;null;
2006-11-30;5;86,1;174,61693;174,61693;146,3;7,322222;12;220;1006,458889;33,273333;28,340667;24,853333;75,725;3,9;1,541111;53;null;
2006-12-31;32;84,1;178,735697;155,88307;157,3;6,010753;14;110,3;1007,768817;33,087097;28,232258;24,829032;77,169355;3,7;1,503226;54,301075;null;
2007-01-31;5;83;187,951462;127,7;191;5,956989;24;127,7;1007,2;33,590323;28,714194;25,012903;77,685484;2,8;1,433333;55,053763;null;
2007-02-28;5;49,2;144,053795;144,053795;112,7;8,27381;27;553,9;1008,695238;31,417857;26,616429;23,485714;84,178571;11,2;1,62381;50,119048;null;
2007-03-31;0;53,8;145,856839;145,856839;59,1;7,784946;27;408,9;1007,47957;32,290323;26,920645;23,790323;84,104839;3,3;1,234409;47,741935;null;
2007-04-30;5;55,2;151,770602;151,770602;157;7,011111;26;351,1;1008,342222;32,56;27,565333;24,28;82,925;4,6;1,282222;51,444444;null;
2007-05-31;5;72,5;175,354583;175,354583;254,4;5,193548;17;175,8;1008,067742;33,9;28,35871;24,677419;79,048387;3;1,417204;52,258065;null;
2007-06-30;14;88,3;160,388518;160,1;270,4;3,8;10;60,1;1009,141111;33,766667;28,021333;23,79;73,908333;3;1,525556;56,444444;null;
2007-07-31;36;79,7;159,494529;119,1;242,2;4,913978;13;119,1;1009,409677;33,6;27,605161;23,787097;77,129032;3,6;1,617204;55,483871;null;
2007-08-31;32;101,1;164,822764;14,1;248,2;4,053763;3;14,1;1008,578495;33,96129;27,979355;23,890323;72,217742;4,6;1,639785;55,806452;null;
2007-09-30;32;108,1;178,629812;2,2;194,5;4,366667;2;2,2;1008,871111;34,846667;28,740667;24,75;69,65;3,6;1,752222;54,888889;null;
2007-10-31;5;100,7;172,20284;43,7;64,8;5,978495;5;43,7;1007,263441;33,222581;28,087097;24,587097;72,669355;3,5;1,762366;54,419355;null;
2007-11-30;36;106,4;181,536034;50,8;null;6,655556;6;50,8;1006,027778;33,7;28,695333;25,233333;71,808333;3,5;1,723333;53,777778;null;
2007-12-31;36;76;165,117956;165,117956;null;6,849462;17;237,2;1006,532258;32,758065;27,732258;24,106452;78,370968;4;1,329032;53,44086;null;
2008-01-31;36;55,8;145,894164;145,894164;144,1;7,763441;26;342,9;1006,894624;31,451613;26,78;23,709677;82,5;4,1;1,192473;50,645161;null;
2008-02-29;36;53,6;135,629359;135,629359;150,5;7,827586;23;306,6;1008,001149;31,765517;26,786897;23,52069;82,051724;4;1,305747;50,804598;null;
2008-03-31;5;48,5;136,039777;136,039777;146,8;7,946237;28;574,7;1007,877419;31,364516;26,374839;23,145161;85,040323;3;1,264516;49,892473;null;
2008-04-30;0;53,2;137,928909;137,928909;156;7,188889;26;356,2;1006,757778;31,81;26,739333;23,65;84,191667;4;1,243333;49,666667;null;
2008-05-31;5;63,7;155,635925;155,635925;199,9;6,688172;20;247,3;1008,192473;32,416129;27,454194;24,035484;81,532258;3,5;1,251613;49,892473;null;
2008-06-30;0;79,6;154,118818;135,792024;230,1;4,755556;11;86,8;1009,104444;32,81;27,737333;23,636667;75,291667;3;1,25;54,555556;null;
2008-07-31;14;120,1;168,202243;58,269765;283,4;3,11828;3;18,7;1009,527957;34,016667;28,100645;23,453333;68,290323;3;1,555914;56,55914;null;
2008-08-31;36;111,5;167,060709;125,592914;null;4,129032;6;121,4;1007,836559;34,33871;28,125806;23,919355;72,580645;3;1,574194;54,623656;null;
2008-09-30;5;97;174,12078;34,252902;212,9;5,4;11;28,7;1008,385556;34,37;28,507333;24,523333;72;4,5;1,571111;56,333333;null;
2008-10-31;5;108;186,248261;95,814212;218,4;4,892473;6;94,8;1007,444086;34,554839;28,689677;24,906452;71,508065;2,8;1,488172;56,021505;null;
2008-11-30;36;92,2;181,570333;98,284437;169,7;5,833333;10;97,9;1006,321111;34,093333;28,713333;24,91;73,666667;2,8;1,447778;54,666667;null;
2008-12-31;0;71,7;167,338882;167,338882;136,3;6,107527;21;283,7;1006,372043;32,916667;27,867097;24,306667;80,298387;2,3;1,02043;52,043011;null;
2009-01-31;36;61,1;156,216078;156,216078;154,7;7,645161;25;354,7;1007,747312;32,412903;27,26;23,651613;81,798387;3,4;1,205376;53,548387;null;
2009-02-28;36;53,1;134,603019;134,603019;139,5;8,142857;26;301,6;1007,063095;32,467857;27,014286;23,517857;82,598214;2,3;1,245238;52,142857;null;
2009-03-31;36;50,4;147,872096;147,872096;145,4;7,623656;28;590,9;1007,202151;32,693548;27,023871;23,687097;83,604839;12;1,378495;47;null;
2009-04-30;0;51;139,880868;139,880868;133,2;7,377778;27;709;1008,507778;32,053333;26,955333;23,65;84,108333;3,2;1,157778;52,288889;null;
2009-05-31;0;47,7;141,509575;141,509575;122,3;7,849462;28;393,4;1008,825806;32,032258;26,845806;23,690323;84,927419;2,8;1,216129;52,086022;null;
2009-06-30;0;67,5;154,124821;154,124821;211,5;5,177778;17;172,4;1009,318889;33,31;27,714667;23,886667;79,516667;2,3;1,135556;54,666667;null;
2009-07-31;32;88,3;170,403139;116,035488;null;3,860215;8;44,4;1009,266667;34,467742;28,190323;23,912903;74,669355;2,8;1,370968;58,494624;null;
2009-08-31;5;108,2;185,356433;49,919583;null;3,752688;7;27,4;1008,46129;35,777419;28,86;24,248387;70,379032;2,6;1,426882;57,419355;null;
2009-09-30;36;103,7;190,411524;9,236048;229;4,122222;4;4,3;1008,717778;35,636667;29,152;24,646667;71,025;3;1,516667;53,511111;null;
2009-10-31;36;130,2;213,982698;22,575876;223,6;4,892473;6;21,8;1006,76129;36,529032;29,749032;25,187097;67,483871;3,1;1,46129;54,086022;null;
2009-11-30;5;110,5;198,456385;26,509202;146,9;4,866667;8;26,8;1006,027273;35,22;29,428667;25,436667;69,758333;2,3;1,457778;49,455556;null;
2009-12-31;0;84,6;176,41118;176,41118;96,7;7,44086;20;327,5;1007,016129;33,209677;28,184516;24,622581;77,330645;2,8;1,088172;48,494624;null;
2010-01-31;36;62;162,65916;162,65916;154,2;6,784946;27;468,5;1007,406452;32,858065;27,616129;23,854839;80,645161;3,2;1,165591;54,086022;null;
2010-02-28;0;58;160,169529;160,169529;125;6,642857;19;344,8;1006,403571;33,589286;28,267857;24,525;81,178571;2,8;1,153571;54,166667;null;
2010-03-31;36;72;185,333087;185,333087;190,7;6,11828;24;232,9;1007,187097;34,132258;28,652258;24,919355;79,33871;3;1,245161;53,483871;null;
2010-04-30;0;50,8;157,984138;157,984138;null;7,766667;29;392,1;1007,372222;33,072414;27,787333;24,486207;84,316667;3,4;1,005556;52,111111;null;
2010-05-31;0;69,1;182,302916;182,302916;null;5,354839;16;236,1;1007,650538;34,403226;28,670323;24,945161;79,943548;5,5;1,019355;54,193548;null;
2010-06-30;36;81,5;171,237919;106,398904;null;4,577778;10;31;1009,328889;34,573333;28,452;24,12;74,941667;4,5;1,262222;55,044444;null;
2010-07-31;32;97,2;193,840134;37,212399;null;3,83871;9;16,8;1008,855914;35,058065;28,678065;24,025806;71,75;2,5;1,325806;56,451613;null;
2010-08-31;0;133,2;167,018049;12,821762;275,1;2,752688;5;9,5;1008,76129;36,235484;28,918065;24,048387;67,540323;3;1,329032;56,774194;null;
2010-09-30;5;111,1;188,011134;9,522497;211,1;4,455556;3;5,5;1007,438889;35,913333;29,092;24,793333;68,708333;2,5;1,496667;56,444444;null;
2010-10-31;32;105,5;191,040652;99,386727;206,7;5,354839;11;99,3;1006,996774;35,216129;28,969032;24,86129;71,806452;3;1,426882;55,526882;null;
2010-11-30;36;86,2;172,353939;141,315406;191,1;6,033333;14;141,3;1005,671111;34,283333;28,329333;24,49;75,775;3;1,258889;55,111111;null;
2010-12-31;36;71,1;162,924256;162,924256;154,1;6,688172;18;244,4;1005,34086;33,132258;27,614194;24,180645;80,774194;3;1,231183;54,193548;null;
2011-01-31;36;52,2;138,002232;138,002232;137,5;7,666667;24;444,7;1006,450538;31,480645;26,336774;22,73871;84,169355;3;1,145161;53,44086;null;
2011-02-28;36;45,1;127,374718;127,374718;132,5;7,488095;25;289,3;1007,22619;31,307143;26,357143;22,892857;85,258929;2,3;1,190476;55,166667;null;
2011-03-31;0;47,1;139,931235;139,931235;152,2;8,064516;28;318,4;1006,913978;31,764516;26,583226;23,206452;85,556452;2,8;1,126882;53,978495;null;
2011-04-30;0;42,7;133,987424;133,987424;145,4;7,766667;26;497,2;1007,535556;31,544828;26,458;23,4;88,2;3,6;,928889;53,333333;null;
2011-05-31;0;52,1;153,513187;153,513187;187,5;7,107527;22;375;1007,465591;32,26129;27,38129;24,206452;84,016129;2,3;,930108;53,44086;null;
2011-06-30;0;75,8;158,314593;150,707524;261,4;4,777778;8;116,6;1008,578889;33,12;27,924667;24,036667;76,733333;2,5;1,328889;57,444444;null;
2011-07-31;36;85,7;155,226768;113,243688;295,4;3,763441;10;77,7;1008,635484;33,209677;27,572903;23,167742;73,435484;2,3;1,327957;56,88172;null;
2011-08-31;5;95,2;171,5783;44,149685;223,1;4,010753;3;20,5;1008,904301;34,293548;28,077419;23,780645;72,629032;2,3;1,515054;57,096774;null;
2011-09-30;5;96;176,540777;50,392288;234,9;4,311111;4;43,5;1008,688889;34,656667;28,600667;24,436667;71,158333;2,8;1,392222;57,666667;null;
2011-10-31;36;110,6;186,434463;128,997551;183;5,397849;10;128,2;1006,268817;34,406452;28,629677;24,493548;72,048387;2,7;1,488172;56,666667;null;
2011-11-30;0;74,6;159,213945;122,611531;173,7;6,3;11;122,3;1006,412222;32,906667;27,724;24,086667;78,625;3;1,306667;55;null;
2011-12-31;36;88,6;176,520011;27,141923;177,6;4,731183;9;26,6;1006,632184;33,019355;28,211613;24,777419;75,314516;3,2;1,321505;55,27957;null;
2012-01-31;0;56,8;139,705914;139,705914;116,8;7,763441;26;427,1;1007,226882;30,932258;26,614839;23,145161;83,16129;2,8;1,149462;54,086022;null;
2012-02-29;0;48;120,956203;120,956203;123,1;7,896552;21;343,5;1007,122989;30,817241;26,012414;22,637931;84,655172;2,8;1,072414;53,793103;null;
2012-03-31;5;48,5;133,876442;133,876442;178,6;7,666667;29;499;1007,702151;31,541935;26,292903;23,006452;86,467742;2,9;1,173118;52,365591;null;
2012-04-30;5;56,3;145,589454;145,589454;209,4;6,944444;24;219,1;1007,324444;32,516667;27,224;23,826667;83,4;2,8;1,207778;54;null;
2012-05-31;5;72,5;145,278232;116,279449;223,5;5,612903;16;58,1;1008,255914;33,064516;27,767097;23,893548;78,629032;2,3;1,267742;56,043011;null;
2012-06-30;5;81,3;152,042559;86,990793;243,9;4,377778;13;62,6;1009,587778;33,263333;27,637333;23,3;76,825;2,8;1,271111;56;null;
2012-07-31;5;82,6;157,367437;104,4458;248,9;4,806452;13;96,7;1009,1;33,258065;27,650323;23,474194;75,564516;2,3;1,317204;56,55914;null;
2012-08-31;5;114,8;167,119219;7,538362;260,9;3,913978;null;0;1009,634409;34,367742;28,048387;23,422581;68,33871;2,3;1,373118;56,344086;null;
2012-09-30;5;118,6;185,996885;1,872757;199,4;4,922222;2;,4;1009,405556;35,1;28,938667;24,526667;67,166667;2,5;1,525556;56,244444;null;
2012-10-31;5;112,2;188,924722;106,153778;168,6;5,903226;2;106;1007,104301;34,422581;28,801935;24,912903;70,048387;3,4;1,53871;56,129032;null;
2012-11-30;5;108,2;193,918284;53,689794;170,9;5,744444;6;53,6;1006,294444;34,673333;29,173333;25,16;70,908333;2,8;1,287778;54,444444;null;
2012-12-31;0;77;162,89912;162,89912;126,4;7,086022;24;321,5;1006,394624;32,729032;27,612903;23,977419;79,548387;3,4;1,062366;55,666667;null;
2013-01-31;0;58,8;153,997097;153,997097;108,9;7,731183;26;442,8;1007,753261;31,645161;27,203871;23,906452;83,427419;2,5;1,009677;52,688172;null;
2013-02-28;0;60,4;140,133466;140,133466;157;7,75;22;403,7;1006,720238;32,560714;27,226429;23,710714;82,196429;2,3;,946429;53,333333;null;
2013-03-31;0;63,4;164,746978;164,746978;162,2;7,741935;22;297,2;1007,48172;32,716129;27,754839;24,125806;82,354839;3,4;1,11828;55,16129;null;
2013-04-30;5;58,8;160,13056;160,13056;176,9;7,288889;23;375,5;1008,096667;33,123333;27,686667;24,33;83,191667;2,4;1,145556;55;null;
2013-05-31;0;69,3;166,451517;166,451517;222,7;5,784946;11;204;1008,477419;33,409677;27,94;24,080645;80,201613;1,8;1,012903;55,634409;null;
2013-06-30;5;80,7;158,314593;149,473869;242,7;5,055556;null;113,2;1009,054444;33,36;27,923333;23,863333;77,275;2,8;1,237778;56,333333;null;
2013-07-31;5;86,5;153,128662;132,524297;254,4;5,989247;null;110,4;1009,751613;33,280645;27,417419;23,312903;76,830645;3,2;1,276344;55,913978;null;
2013-08-31;2;86,5;213,514714;63,10321;216,4;4,569892;null;28,1;1008,637634;33,767742;27,876129;23,787097;76,556452;3,4;1,46129;58,924731;null;
2013-09-30;5;94,9;171,972983;36,305239;220,9;5,344444;null;31,4;1008,44;34,32;28,438;24,323333;73,95;3,4;1,414444;57,222222;null;
2013-10-31;5;104,7;188,872654;101,732956;205,1;5,419355;null;100,8;1007,74086;34,880645;28,813548;24,5;71,427419;3,4;1,397849;56,989247;null;
2013-11-30;5;78;159,213945;145,186933;153,9;6,8;null;145,1;1006,271111;32,913333;27,699333;24,023333;77,6;2,8;1,154444;54,777778;null;
2013-12-31;36;92,4;183,637599;70,289599;211,2;5,591398;null;69,9;1006,855914;34,019355;28,46129;24,309677;73,91129;2,4;1,363441;56,55914;null;
2014-01-31;0;64,1;145,706053;145,706053;133;7;null;448,8;1008,012903;31,741935;26,752903;22,764516;81,685484;2,8;1,010753;54,623656;null;
2014-02-28;0;49,4;121,899012;121,899012;115,6;8,154762;null;433,2;1007,107143;31,264286;26,218571;22,485714;86,910714;2,8;1,139286;51,904762;null;
2014-03-31;0;50,2;137,759654;137,759654;130,2;7,892473;null;371,2;1007,93871;31,577419;26,476774;23,041935;86,58871;3,3;1,07957;52,903226;null;
2014-04-30;5;46,7;133,987424;133,987424;160,8;7,888889;null;546,2;1008,226667;31,826667;26,588;23,14;87,066667;2,3;1,046667;52,333333;null;
2014-05-31;0;58,7;153,513187;153,513187;192,2;6,946237;null;260,7;1008,348387;32,312903;27,313548;23,664516;83,25;2,3;1,021505;55,053763;null;
2014-06-30;0;75,4;156,205279;134,334039;239,2;5,1;null;81,9;1008,831111;33,35;27,867333;23,536667;77,95;2,5;1,154444;58,888889;null;
2014-07-31;5;80,9;155,226768;73,38792;265,9;4,376344;null;41;1010,723656;33,270968;27,535484;22,948387;75,145161;2,3;1,331183;57,204301;null;
2014-08-31;5;84,1;156,200905;58,318536;212,3;4,602151;null;42,6;1009,683871;33,587097;27,486452;22,79;75,048387;3,4;1,327957;57,139785;null;
2014-09-30;5;89,8;160,932471;42,635235;216,1;5,155556;null;36,2;1008,843333;34,07;28,041333;23,29;73,125;2,5;1,411111;58;null;
2014-10-31;5;89,9;172,286151;140,71727;189,9;5,935484;null;140,3;1007,839785;33,767742;28,086452;23,309677;75,25;2,4;1,276344;57,419355;null;
2014-11-30;5;86,8;170,217364;40,805962;190,2;5,644444;null;40;1006,856667;33,69;28,198667;23,686667;74,558333;2,5;1,248889;57,222222;null;
2014-12-31;5;83,4;167,346805;167,346805;175,6;5,473118;null;204,9;1007,42043;33,119355;27,772258;23,235484;76,983871;2,3;1,212903;57,612903;null;
2015-01-31;0;62,9;149,809577;149,809577;164,1;6,16129;null;440,7;1008,536559;32,277419;26,954839;22,080645;80,951613;2,3;1,044086;57,924731;null;
2015-02-28;0;52,9;125,398001;125,398001;null;7,738095;null;412,2;1008,352381;31,625;26,4456;22,344;83,160714;2,3;1,057143;52,785714;null;
2015-03-31;0;58;147,722561;147,722561;133,1;7,602151;null;554,8;1008,227957;31,951613;27,066667;24,535484;83,967742;2,6;1,031183;53,290323;null;
2015-04-30;5;57,1;155,884431;155,884431;194,6;7,188889;null;323,4;1008,424444;32,683333;27,649333;25,04;82,516667;2,3;1,172222;55,6;null;
2015-05-31;5;64,8;173,211767;173,211767;215,8;6,494624;null;242,8;1008,619355;33,386667;28,109286;25,451852;79,959677;2,3;1,077419;56,55914;null;
2015-06-30;5;84,6;171,411472;134,172863;246,4;4,5;null;44,7;1009,818889;33,546667;28,522143;25,47931;75,175;4,5;1,192222;57;null;
2015-07-31;5;83,6;157,34585;85,822311;245,3;4,569892;null;63,6;1009,582796;33,513333;27,554194;21,748387;74,564516;2,3;1,225806;56,989247;null;
2015-08-31;0;101,4;151,999331;57,913167;239,6;3,602151;null;48,7;1009,019355;34,248387;27,305806;19,319355;70,5;2,8;1,331183;59,032258;null;
2015-09-30;5;103,8;160,932471;24,045235;210,8;4,466667;null;20,2;1008,633333;34,706667;27,829333;20,043333;69,691667;2,6;1,373333;57,888889;null;
2015-10-31;5;122,3;184,0194;98,321192;211,8;4,44086;null;92,6;1007,933333;35,432258;28,656129;20,777419;67,233871;2,6;1,294624;56,612903;null;
2015-11-30;5;110,8;177,080818;22,214065;158;6,6;null;21,8;1006,75;34,923333;28,617333;20,966667;68,133333;3,6;1,242222;54,555556;null;
2015-12-31;5;104,1;176,520011;89,664556;119,6;7,827957;null;89,4;1007,906452;34,290323;28,256129;20,632258;71,032258;2,3;1,125806;48,817204;null;
2016-01-31;0;62,1;149,809577;149,809577;128,1;7,505376;null;365,7;1008,308602;32,587097;26,962581;19,909677;80,048387;2,3;1,074194;56,55914;null;
2016-02-29;0;65,6;147,134179;147,134179;176,2;6,436782;null;151,7;1007,774713;33,517241;27,277241;19,562069;79,137931;2,3;1,02069;56,666667;null;
2016-03-31;0;54,2;141,642182;141,642182;122,6;7,225806;null;382,3;1008,650538;32,583333;26,748387;19,367742;82,959677;4,5;,763441;53,978495;null;
2016-04-30;0;56,1;145,589454;145,589454;141,6;6,722222;null;215;1007,586667;33,45;27,184667;19,843333;82,125;4,5;,875556;56,555556;null;
2016-05-31;0;72,2;157,709391;143,583123;210,1;4,988636;null;133,4;1009,172727;34,016667;27,664;19,822581;79,269231;2,3;,992045;58,522727;null;
2016-06-30;0;82,1;149,9949;86,946155;259;3,444444;null;60;1010,481481;34,04;27,483448;19,076667;73,056818;3,2;,918519;59,512195;null;
2016-07-31;0;96,5;161,669647;29,705087;null;2,818182;null;13,5;1009,717949;34,861538;27,575385;18,758621;70,547619;2,3;1,162821;59,615385;null;
2016-08-31;36;116,7;169,359712;14,985599;229,4;3,289157;null;11,2;1009,472289;35,477419;28,042;19,193548;68,326087;3;1,43494;59,638554;null;
2016-09-30;0;null;154,608281;52,628783;154,5;4,550725;null;52;1009,052174;34,556522;27,56087;19,173913;72,369048;3,5;1,224638;58,405797;null;
2016-10-31;null;null;null;null;null;null;null;null;null;null;null;null;null;null;null;null;null;
2016-11-30;0;null;177,114276;150,8;null;5,114286;null;150,8;1006,409722;34,686957;28,397273;20;70,285714;3;1,207143;56,571429;null;
2016-12-31;0;68,6;152,145549;152,145549;128,1;6,194805;null;194;1007,148052;33,368;27,1848;18,882759;76,443182;2,4;1,001299;55,714286;null;
2017-01-31;0;null;124,590333;124,590333;128,2;7,356164;null;542,9;1008,127397;32,252174;25,547273;17,55;82,869565;2,4;,930137;54,931507;null;
2017-02-28;0;null;103,916923;103,916923;null;8,442857;null;684,7;1008,132857;31,517391;25,313636;17,938095;85,425;3,4;,9;53,428571;null;
2017-03-31;0;53,8;145,689096;145,689096;116,1;7,2625;null;545,4;1007,96625;32,544;27,030769;24,159259;83,315217;2,3;,925;55,5;null;
2017-04-30;0;61,3;160,13056;160,13056;170,5;6,701299;null;368,5;1008,249351;33,17037;27,948148;25,383333;81,82;2,3;,988312;54,155844;null;
2017-05-31;5;73,8;184,922681;184,922681;203,6;4,939024;null;198,2;1008,57439;34,132143;28,884;26,015385;79,48;2,3;1,034146;57,317073;null;
2017-06-30;0;95;180,572289;129,491081;null;3,586667;null;59,2;1008,972;34,66087;29,186667;25,936364;72;2,3;1,018667;62,586667;null;
2017-07-31;null;null;null;null;null;null;null;52,7;1011,040541;null;null;24,64375;null;2,3;null;null;null;
2017-08-31;0;107,1;192,943324;85,293216;null;3,9;null;46,9;1009,2375;35,344444;29,147692;25,447619;71,788462;2,3;1,2975;61,25;null;
2017-09-30;0;112,8;198,203141;10,893038;null;4,56;null;,9;1008,741333;35,440909;29,531304;25,77037;67,409091;2,5;1,361333;60,533333;null;
2017-10-31;0;115;203,995387;50,0719;null;5,315789;null;46,6;1007,402632;35,008696;29,568333;26;69,28125;3,5;1,444737;58,421053;null;
2017-11-30;0;101,2;193,881652;94,016191;null;5,933333;null;93,8;1006,517333;34,395652;29,028182;25,57931;72,26087;2,5;1,124;55,733333;null;
2017-12-31;0;73,7;174,193033;174,193033;null;6,026316;null;362;1007,105263;32,395652;27,963478;24,922222;78,5;2,3;,803947;50,921053;null;
2018-01-31;0;65;162,628474;162,628474;null;6,296296;null;294,4;1007,518519;32,511111;27,705185;24,409677;79,388889;3,4;,949383;55,308642;null;
2018-02-28;0;41,1;128,969979;128,969979;null;7,888889;null;393,2;1008,115278;31,103846;26,76;23,917857;85,33;7,2;,930556;53,472222;null;
2018-03-31;0;53,2;160,362877;160,362877;null;7,216867;null;340,7;1007,83253;32,686667;27,496667;24,190323;83,866667;3,4;,762651;55,662651;null;
2018-04-30;0;49,8;137,789578;137,789578;null;6,864198;null;382,3;1008,796296;32,186667;26,990667;23,456667;83,516667;2,3;,64321;54,320988;null;
2018-05-31;0;62,8;157,740965;157,740965;null;6,120482;null;222,3;1009,366265;33,390323;27,652903;23,554839;79,814516;2,4;,677108;57,46988;null;
2018-06-30;0;84,6;169,175509;107,006715;null;3;null;32,6;1009,8975;34,458621;28,312414;23,203333;73,669643;2,3;,87125;60,5;null;
2018-07-31;null;null;null;null;null;null;null;35;null;null;null;null;null;null;null;null;null;
2018-08-31;0;90,2;162,6619;32,645931;null;4,609756;null;26,7;1010,530488;34,52963;28,241481;22,803226;72,268519;3,4;,95;59,879518;null;
2018-09-30;0;88,4;174,24592;75,59801;null;5,146341;null;74,3;1008,221951;34,56;28,516667;23,07;73,483333;8,4;1,023171;58,414634;null;
2018-10-31;0;104,2;201,415465;73,646508;null;4,317647;null;73,1;1007,730588;35,519355;29,264516;23,422581;70,846774;2,3;1,048235;57,435294;null;
2018-11-30;0;89,9;181,767621;142,867627;null;6,109756;null;142,8;1006,70122;34,063333;28,698;23,216667;74,25;2,5;,873171;57,317073;null;
2018-12-31;0;57,8;141,916367;141,916367;null;7,573171;null;320,7;1008,9;32,344828;26,629655;21,167742;82,466667;2,5;,628049;51,95122;null;
2019-01-31;0;64,2;143,685455;143,685455;null;7,285714;null;372;1009,234524;32,283871;26,947742;21,429032;78,91129;2,3;,655952;53,333333;null;
2019-02-28;0;46,8;128,969979;128,969979;null;7,868421;null;384,2;1008,680263;31,925;26,695714;21,089286;83,875;8,5;,789474;52,763158;null;
2019-03-31;0;52,1;139,711;139,711;null;8,621951;null;508,5;1009,45;32,406452;26,630323;20,929032;85,193548;2,5;,77439;51,219512;null;
2019-04-30;0;53,1;137,791254;137,791254;null;7,769231;null;486,9;1008,951282;32,667857;26,800741;21,048276;84,651786;1,8;,539744;54,230769;null;
2019-05-31;0;58,7;155,620482;155,620482;null;6,380952;null;260,6;1008,670238;33,358065;27,410968;21,132258;81,908333;2,3;,554762;55,714286;null;
2019-06-30;0;82,6;171,417029;110,406295;null;3,153846;null;36,3;1010,016667;35,136667;28,504828;21,243333;73,675;1,5;,533333;57,179487;null;
2019-07-31;null;null;null;null;null;null;null;23,3;null;null;null;null;null;null;null;null;null;
2019-08-31;0;103,1;null;null;null;3,166667;null;45;1010,405952;35,570968;28,067097;20,16129;69,943548;2,5;1,220238;59,047619;null;
2019-09-30;0;95,4;null;null;null;3,728395;null;45,7;1008,897531;35,196667;28,254;20,576667;71,95;2,3;1,22963;59,135802;null;
2019-10-31;2;null;null;null;null;5,5;null;61,6;1007,477647;34,667742;28,089032;20,409677;74,548387;10,2888;1,319387;96,247059;null;
2019-11-30;0;null;null;null;null;5,359375;null;62,8;1006,605;34,866667;28,294;20,57;74,333333;2,5722;,880979;96,675;null;
2019-12-31;0;null;null;null;null;6,310976;null;303,7;1006,868293;33,703333;27,62;19,970968;79,791667;2,5722;,865765;96,682927;null;
2020-01-31;0;null;null;null;98,2;7,291667;null;300,6;1008,617857;32,441935;26,549677;18,774194;83,419355;2,05776;,636926;96,690476;null;
2020-02-29;0;null;null;null;83,3;7,676282;null;326,1;1008,544872;31,965517;26,006207;18,413793;85,327586;2,05776;,573798;96,564103;null;
2020-03-31;0;null;null;null;119,3;7,202381;null;521,9;1008,642857;32,732258;26,451613;18,56129;83,629032;2,05776;,808406;96,642857;null;
2020-04-30;0;null;null;null;123,8;7,371795;null;356,4;1009,177215;33,036667;26,626207;18,6;83,683333;2,05776;,677237;96,518987;null;
2020-05-31;null;null;null;null;null;null;null;null;null;null;null;null;null;null;null;null;null;
2020-06-30;0;null;null;null;234,5;3,695652;10;60,5;1009,46087;34,527586;27,595862;18,363333;76,732759;2,05776;,51444;96,971014;null;
2020-07-31;0;null;null;null;283,1;2,258065;5;25,6;1009,377419;35,848387;28,887586;22,282759;71,806452;1,54332;,597414;96,903226;null;
2020-08-31;0;null;null;null;259,9;2,318548;5;64,8;1009,256452;35,922581;29,312903;24,412903;70,516129;2,05776;,638901;96,83871;null;
2020-09-30;null;null;null;null;null;null;null;null;null;null;null;null;null;null;null;null;null;

