Nome: ALTAMIRA
Codigo Estacao: 82353
Latitude: -3.21416666
Longitude: -52.21305555
Altitude: 101.51
Situacao: Operante
Data Inicial: 1998-01-01
Data Final: 2020-09-29
Periodicidade da Medicao: Mensal

Data Medicao;DIRECAO PREDOMINANTE DO VENTO, MENSAL(° (gr));EVAPORACAO DO PICHE, MENSAL(mm);EVAPOTRANSPIRACAO POTENCIAL, BH MENSAL(mm);EVAPOTRANSPIRACAO REAL, BH MENSAL(mm);INSOLACAO TOTAL, MENSAL(h);NEBULOSIDADE, MEDIA MENSAL(décimos);NUMERO DE DIAS COM PRECIP. PLUV, MENSAL(número);PRECIPITACAO TOTAL, MENSAL(mm);PRESSAO ATMOSFERICA AO NIVEL DO MAR, MEDIA MENSAL(mB);PRESSAO ATMOSFERICA, MEDIA MENSAL(mB);TEMPERATURA MAXIMA MEDIA, MENSAL(°C);TEMPERATURA MEDIA COMPENSADA, MENSAL(°C);TEMPERATURA MINIMA MEDIA, MENSAL(°C);UMIDADE RELATIVA DO AR, MEDIA MENSAL(%);VENTO, VELOCIDADE MAXIMA MENSAL(m/s);VENTO, VELOCIDADE MEDIA MENSAL(m/s);VISIBILIDADE, MEDIA MENSAL(codigo);
1998-01-31;null;34,1;null;null;130,7;6,55914;26;289,6;null;null;32,093548;25,939355;19,441935;85,443548;null;null;55,268817;
1998-02-28;null;35,5;null;null;155;6,488095;19;307,3;null;null;32,996429;26,619286;20,246429;82,571429;null;null;54,761905;
1998-03-31;null;44,9;null;null;114,6;7,032258;27;385,9;null;null;31,270968;26,061935;20,132258;85,379032;null;null;55,591398;
1998-04-30;null;47,7;null;null;161,1;6,411111;26;294,8;null;null;32,45;27,038667;20,933333;84,483333;null;null;55,222222;
1998-05-31;null;45,2;null;null;157;6,204301;21;370,5;null;null;32,016129;26,816129;20,674194;84,830645;null;null;56,344086;
1998-06-30;null;70,9;null;null;246,1;4,866667;5;35,9;null;null;33,346667;27,464667;20,676667;76,433333;null;null;58,777778;
1998-07-31;null;null;null;null;null;null;null;null;null;null;null;null;null;null;null;null;null;
1998-08-31;null;80,3;null;null;232,6;5,23913;5;5,5;null;null;34,035484;27,569677;20,577419;74,604839;null;null;58,152174;
1998-09-30;null;91,3;null;null;229,4;5,233333;9;69,8;null;null;34,246667;27,888;21,576667;74,2;null;null;58,888889;
1998-10-31;null;100,2;null;null;192;5,462366;3;14,3;null;null;34,451613;28,296129;22,087097;69,903226;null;null;58,064516;
1998-11-30;null;89,2;null;null;128,9;6,055556;8;146,3;null;null;33,58;27,832667;22,176667;73,833333;null;null;56,888889;
1998-12-31;null;null;null;null;null;null;null;44,1;null;null;null;null;null;null;null;null;null;
1999-01-31;null;55;null;null;134,6;6,5;20;162,6;null;null;30,806452;26,090968;21,493548;82,919355;null;null;55,543478;
1999-02-28;null;43,6;null;null;110,4;6,666667;25;298,6;null;null;30,746429;25,819286;21,864286;85,089286;null;null;55,833333;
1999-03-31;null;45,4;null;null;109,4;7,548387;27;526,9;null;null;30,354839;25,696774;22,03871;86,016129;null;null;53,225806;
1999-04-30;null;45,8;null;null;141,9;7,211111;24;362,2;null;null;30,686667;25,938;22,2;84,333333;null;null;55,888889;
1999-05-31;null;42,5;null;null;135,9;6,752688;23;308,3;null;null;30,683871;26,14129;22,590323;84,943548;null;null;56,451613;
1999-06-30;null;53,6;null;null;197,9;5,633333;null;122,6;null;null;32,046667;26,738667;22,263333;80,9;null;null;58,777778;
1999-07-31;null;83,9;null;null;266,9;4,354839;null;19,9;null;null;33,309677;26,911613;20,964516;74,5;null;null;59,032258;
1999-08-31;null;108;null;null;259,2;5,150538;null;30,5;null;null;34,1;27,793548;22,622581;72,870968;null;null;58,387097;
1999-09-30;null;100,2;null;null;209,4;5,911111;null;12,8;null;null;34,183333;27,588667;21,38;74,533333;null;null;57,111111;
1999-10-31;null;93,2;null;null;196,8;6,16129;null;97,6;null;null;33,858065;27,495484;21,074194;74,145161;null;null;57,311828;
1999-11-30;null;69,7;null;null;163,1;6,6;null;126,6;null;null;32,783333;27,609333;24,23;77,233333;null;null;56,111111;
1999-12-31;null;68,8;null;null;138,9;6,602151;17;174,3;null;null;31,967742;27,249677;24,122581;79,258065;null;null;55,268817;
2000-01-31;null;50;null;null;143;7,27957;23;488,8;null;null;30,964516;25,884516;21,764516;84,274194;null;null;53,548387;
2000-02-29;null;40,9;null;null;140;7,597701;27;328,3;null;null;30,693103;24,989655;18,855172;84,232759;null;null;52,298851;
2000-03-31;null;41,2;null;null;123,3;7,72043;27;533,1;null;null;30,467742;25,274839;20,890323;86,314516;null;null;51,612903;
2000-04-30;null;41;null;null;133,8;7,555556;27;385,9;null;null;30,783333;25,675556;20,146667;85,433333;null;null;52,777778;
2000-05-31;null;48,7;null;null;183,9;5,774194;23;198,7;null;null;32,203333;26,688;22,719355;83,540323;null;null;57,096774;
2000-06-30;null;60,4;null;null;217,3;4,966667;16;126,6;null;null;32,61;26,958;22,786667;79,575;null;null;58,111111;
2000-07-31;null;60,2;null;null;218;5,290323;17;137,6;null;null;32,254839;26,599355;22,322581;79,758065;null;null;58,107527;
2000-08-31;null;79,3;null;null;251,2;5;9;18,9;null;null;34,122581;27,681935;22,73871;74,790323;null;null;58,387097;
2000-09-30;0;82,3;null;null;217,9;5,755556;13;121,2;null;null;33,673333;27,446667;22,723333;75,341667;5;1,60274;57,666667;
2000-10-31;5;91,1;null;null;216,3;5,333333;10;84,3;null;null;33,596774;27,83871;23;74,709677;5;1,88172;58,064516;
2000-11-30;0;84,4;null;null;164,7;5,688889;4;44,5;null;null;33,456667;28,057333;23,68;74,8;5;1,822222;57,666667;
2000-12-31;0;104,3;null;null;125,1;5,903226;10;56;null;null;32,53871;27,370968;23,293548;76,935484;5;1,602151;56,451613;
2001-01-31;0;53,1;null;null;114,6;7,27957;27;419,8;null;null;30,63871;25,76129;22,474194;84,274194;6;1,215054;55,376344;
2001-02-28;0;41,4;null;null;93,4;7,678571;26;350,7;null;null;29,807143;25,609286;22,664286;86,669643;5;1,059524;53,809524;
2001-03-31;0;49,8;null;null;136,7;7,333333;28;328,8;null;null;31,1;26,000645;22,341935;85,266129;3;1,064516;55,483871;
2001-04-30;0;35,2;null;null;135,9;7,544444;22;233;null;null;31,426667;26,016667;22,373333;86,025;7;1,133333;66,266667;
2001-05-31;0;22,4;null;null;169,7;6,709677;24;213,7;null;null;32,683871;26,834839;22,416129;85,435484;5;1;67,526882;
2001-06-30;0;35;null;null;171,8;5,655556;21;270,3;null;1000,525926;31,95;26,372;21,876667;82,283333;5;1,266667;69,266667;
2001-07-31;null;null;null;null;null;null;3;30,3;null;null;null;null;null;null;null;null;null;
2001-08-31;0;86,7;null;null;293,1;4,666667;4;6,9;null;1000,392473;35,019355;28,419355;22,329032;69,887097;5;2,021505;64,301075;
2001-09-30;0;77,2;null;null;240,8;5,422222;7;47,3;null;998,923333;34,996667;28,598;23,463333;70,783333;7;1,995556;61,888889;
2001-10-31;0;75,4;null;null;217,2;6,322581;7;39,4;1007,004651;998,568817;34,777419;28,746452;24,006452;72,225806;7;2,27957;58,172043;
2001-11-30;0;108;null;null;175,9;6,777778;6;17,1;1005,766279;997,378889;35,326667;29,06;24,1;71,833333;7;2,244444;59,333333;
2001-12-31;0;98,5;null;null;148,5;6,913978;11;134,3;1005,088764;996,896774;33,706452;28,223226;23,916129;77,701613;7;2,215054;54,193548;
2002-01-31;0;67,7;null;null;140,5;7,677419;27;380,8;1007,27619;998,747312;31,809677;26,581935;22,632258;83,983871;8;1,634409;50,752688;
2002-02-28;0;59,3;null;null;146,5;7,047619;23;261,9;1007,080247;998,663095;31,921429;26,695;22,810714;83,964286;6;1,333333;56,595238;
2002-03-31;0;63;null;null;140,5;7,010753;28;315,5;1007,11978;998,705376;32,041935;26,775484;22,987097;85,016129;7;1,313978;52,150538;
2002-04-30;0;52,7;null;null;130,2;7,633333;26;468,7;1006,720225;998,227778;31,886207;26,632857;23,113793;87,341667;8;1,033333;48,666667;
2002-05-31;0;62,5;null;null;164,6;6,44086;24;273;1007,115294;998,847312;32,835484;27,352903;23,474194;86,048387;5;1,053763;56,989247;
2002-06-30;0;74,7;null;null;200,2;5,233333;15;156,5;1008,998876;1000,582222;33,103333;27,187333;22,453333;82,05;7;1,464444;58,222222;
2002-07-31;null;null;null;null;null;null;1;1,6;null;null;null;null;null;null;null;null;null;
2002-08-31;0;108,2;null;null;253,1;4,569892;6;16,8;1008,224359;999,934409;34,758065;28,164516;22,6;75,58871;7;1,55914;61,387097;
2002-09-30;0;123;null;null;245;5,222222;4;2,1;1007,504494;999,151111;35,743333;28,917333;23,31;69,933333;7;2,088889;60,333333;
2002-10-31;36;123,7;null;null;203,3;5,956989;8;31,1;1006,470968;997,993548;34,719355;28,472903;23,054839;70,580645;8;2,268817;59,462366;
2002-11-30;0;100,6;null;null;169,8;7,222222;12;126,2;1006,63;998,366667;34,513333;28,221333;23,133333;74,841667;7;1,666667;55,888889;
2002-12-31;0;64,2;null;null;142,8;6,666667;16;155,1;1007,977174;999,408602;32,870968;27,645806;24,129032;78,879032;8;1,752688;54,946237;
2003-01-31;36;60,6;158,126455;158,126455;138,7;6,956989;20;80,3;1008,311828;999,864516;32,154839;27,441935;24,1;80,233871;7;2,064516;56,666667;
2003-02-28;0;41,5;null;null;113,8;8,214286;23;383,9;1008,06625;999,546429;31,071429;26,507143;23,267857;82,651786;6;1,833333;51,904762;
2003-03-31;0;46,7;142,482849;142,482849;136,3;8,150538;27;390,4;1007,83;999,356989;31,406452;26,733548;23,335484;82,145161;5;1,688172;53,010753;
2003-04-30;0;53,8;138,660715;138,660715;148,7;7,511111;27;338,2;1008,194444;999,725556;31,636667;26,818;23,206667;83,566667;5;1,434296;56,422222;
2003-05-31;0;55;160,153207;160,153207;195,3;6,150538;25;163,5;1008,172043;999,662366;32,667742;27,634194;23,354839;80,395161;5;1,408602;60,107527;
2003-06-30;0;45,3;139,153593;139,153593;152,9;6,044444;23;308,2;1008,634444;1000,232222;31,883333;26,88;22,47;82,55;4;,777778;61,333333;
2003-07-31;0;70,6;157,765973;157,765973;260,3;4,860215;8;62;1009,593407;1001,111828;33,919355;27,671613;22,296774;77,112903;5;,956989;65,806452;
2003-08-31;0;76,3;175,60184;57,134027;234,2;5,27957;15;52,9;1009,413043;1000,980645;34,909677;28,385161;23,187097;75,508065;4;1,108602;62,365591;
2003-09-30;36;82,9;null;null;238;5,7;11;73,9;1008,247778;999,875556;34,81;28,478;23,193333;75,166667;9,3;1,67;62,777778;
2003-10-31;36;67,7;null;null;168,8;6,430108;9;73,2;1006,992391;998,573118;33,66129;28,304516;23,522581;76,322581;4;1,903226;60;
2003-11-30;0;40,1;null;null;191,7;7,566667;13;96,3;1006,321111;997,914444;33,166667;28,081333;23,78;76,375;4;1,4;57,555556;
2003-12-31;36;76,2;null;null;207,7;6,641304;15;69,1;1006,859783;998,436957;33,456667;28,131333;24,286667;76,7;7;1,804348;57,826087;
2004-01-31;36;58,1;null;null;173,4;7,731183;19;296,4;1006,828261;998,43871;32,264516;27,391613;24,054839;81;4;1,763441;54,731183;
2004-02-29;0;34,1;null;null;114,9;8,977011;26;544,5;1008,078571;999,685057;30,841379;26,015862;23,017241;86,568966;4;1,011494;53,218391;
2004-03-31;0;42,7;null;null;129,7;8,215054;26;325,1;1007,15;998,701075;31,896774;26,972903;23,783871;83,516129;4;,88172;55,376344;
2004-04-30;0;41,3;null;null;171,4;7,9;24;304,9;1007,338636;999,023333;32,173333;27,062667;23,616667;84,941667;2;,2;56,444444;
2004-05-31;0;51,3;null;null;206,4;6,88172;19;132,7;1008,266304;999,804301;33,070968;27,702581;23,758065;82,16129;3;,666667;57,849462;
2004-06-30;0;66,8;null;null;233,8;5,266667;14;116,3;1010,148889;1001,684444;33,296667;27,414667;23,056667;78,991667;4;1,288889;60,444444;
2004-07-31;0;66,9;null;null;247,8;4,849462;11;44,3;1009,086957;1000,624731;33,564516;27,33871;22,570968;77,653226;5;1,322581;60,752688;
2004-08-31;0;82;null;null;260,1;5,784946;8;32,6;1009,705435;1001,272043;34,516129;28,080645;23,025806;74,669355;4;1,096774;59,139785;
2004-09-30;36;82,7;null;null;212,4;6,533333;16;90,3;1008,054444;999,551111;34,596667;28,252;23,503333;74,975;4;1,488889;58;
2004-10-31;0;99,2;null;null;218,4;6,376344;8;77,7;1006,883516;998,510753;34,922581;28,63871;23,890323;72,991935;5;1,419355;58,817204;
2004-11-30;36;100,9;null;null;175,2;6,477778;4;54,4;1006,409195;998,048889;34,926667;28,990667;24,2;70,908333;5;1,996667;56,333333;
2004-12-31;0;84,3;null;null;148,7;7,107527;10;137,1;1006,52043;998,166667;34,412903;28,553548;24,116129;73,387097;4,5;1,722581;53,010753;
2005-01-31;36;53,8;null;null;178,2;6,849462;20;272,8;1006,280645;997,905376;33,335484;27,88;23,819355;78,508065;4;1,51828;55,268817;
2005-02-28;36;46,2;null;null;125;7,880952;24;349,8;1006,441667;998,054762;32,621429;27,315;23,485714;82,741071;3;1,342857;52,02381;
2005-03-31;0;41,6;null;null;117,3;8,387097;30;566,9;1007,894624;999,473118;31,764516;26,654839;23,146667;85,516129;3,6;1,326882;50,215054;
2005-04-30;36;48,6;null;null;171,7;7,488889;24;333,9;1007,45;999,051111;32,613333;27,382;23,583333;81,183333;3;1,468889;55,444444;
2005-05-31;0;53,8;null;null;173,9;7,451613;22;226;1007,721505;999,329032;32,835484;27,547097;23,677419;80,572581;4;1,434409;55,376344;
2005-06-30;0;69,1;null;null;235,4;5,422222;13;67;1008,533708;1000,105556;34,226667;28,230667;23,173333;75,816667;3;1,38;60,444444;
2005-07-31;0;77,7;null;null;258,2;4,365591;10;63,9;1009,956989;1001,350538;34,612903;27,912258;22,309677;73,201613;4;1,249462;61,075269;
2005-08-31;0;100,6;null;null;283,4;4,806452;4;7,8;1008,622581;1000,296774;36,403226;29,04129;22,977419;68,112903;4;1,589247;60,430108;
2005-09-30;36;119;null;null;200,3;4,8;2;8,6;1008,145556;999,85;36,503333;29,434;24,206667;66,366667;5;2,121111;61,333333;
2005-10-31;0;111,9;null;null;239,9;5,569892;5;13,2;1007,051613;998,694624;36,190323;29,584516;24,432258;65,379032;4;2,11828;62,688172;
2005-11-30;36;117,7;null;null;151,4;7,655556;6;18;1005,534444;997,195556;35,94;29,616667;25,01;67,233333;5;1,977778;58,777778;
2005-12-31;0;73;null;null;133,9;7,354839;22;524,7;1006,363441;997,508602;33,116129;27,36129;23,790323;78,395161;5;1,376344;60;
2006-01-31;0;43,1;null;null;154;7,193548;25;410,2;1006,429032;997,987097;32,580645;27,165161;23,287097;81,508065;5;1,268817;58,817204;
2006-02-28;0;35,2;null;null;94,6;8,964286;25;393;1007,161905;998,740476;31,371429;26,517857;23,496429;83,598214;4;1,404762;54,642857;
2006-03-31;0;null;null;null;108,6;8,897849;31;510,4;1007,634409;999,278495;31,548387;26,412258;23,303226;84,266129;4,11552;1,194518;95,806452;
2006-04-30;0;36,7;null;null;118,6;8,333333;29;574,3;1007,377778;998,993333;31,403333;26,369333;23,053333;84,25;3;1,033333;55,733333;
2006-05-31;0;43;null;null;161,2;7,688172;25;275,7;1008,84086;1000,494624;32,6;26,817419;23,267742;82,782258;4;,767742;59,139785;
2006-06-30;0;60,2;144,760805;141,5;224,4;5,011111;10;44,8;1009,146667;1000,745556;34,026667;27,254;22,706667;78,366667;4;1,155556;64;
2006-07-31;0;74,3;170,326424;45,2;258,9;4,569892;11;45,2;1009,507609;1001,056989;34,996774;28,194839;22,935484;72,225806;3;1,473118;64,086022;
2006-08-31;0;90;186,864524;22;283,4;3,978495;5;22;1008,726882;1000,364516;35,974194;28,978065;23,222581;67,064516;4;2,064516;60,967742;
2006-09-30;0;82,3;186,71217;67,2;241,2;4,588889;6;67,2;1008,516667;1000,078889;35,773333;29,127333;24,05;67,75;5;1,925556;58,555556;
2006-10-31;36;83,4;196,764421;39,8;238,6;5,602151;7;40,3;1006,763441;998,398925;35,151613;29,239355;24,954839;69,096774;4;1,784946;59,462366;
2006-11-30;36;67;167,13493;167,13493;176,5;7,122222;14;291,6;1006,208889;997,918889;33,3;28,051333;24,326667;75,316667;4;1,722222;51,111111;
2006-12-31;36;55,7;158,346944;158,346944;143,4;7,129032;19;65,4;1007,724731;999,3;32,122581;27,468387;24,270968;78,548387;3;1,505376;54,408602;
2007-01-31;36;51,3;164,380281;80,253056;169,7;7,55914;19;77,9;1007,188172;998,776344;32,593548;27,756129;24,619355;79,83871;4;1,698925;55,053763;
2007-02-28;36;31,9;119,476189;119,476189;97,1;8,571429;26;442,4;1008,544048;1000,083333;30,814286;26,128571;23,407143;84,973214;4;1,642857;50;
2007-03-31;36;39,8;140,591139;140,591139;106,7;8,311828;28;446;1007,766667;999,310753;31,670968;26,573548;23,625806;85,645161;3;1,55914;53,225806;
2007-04-30;36;41,2;142,381924;142,381924;153,2;7,711111;25;380,9;1008,62;999,904444;32,28;27,01;23,76;84,741667;3;1,277778;53,466667;
2007-05-31;36;52,6;162,222162;162,222162;206,6;5,258065;17;165,9;1007,882796;999,469892;33,580645;27,834839;24,154839;81,33871;3;1,376344;60,430108;
2007-06-30;0;57,9;150,528718;150,528718;243,5;4,233333;10;95,1;1009,223333;1000,771111;34,06;27,576;23,146667;78,683333;3;1,3;61,333333;
2007-07-31;0;63,3;157,765973;96,471282;230,5;4,655914;11;56,9;1009,365591;1000,895699;34,419355;27,622581;23,296774;79,201613;4;1,451613;59,677419;
2007-08-31;0;78,1;169,083522;35,3;254,2;4,397849;5;35,2;1008,456989;1000,032258;35,290323;28,189032;23,232258;73,733871;4,1;1,576344;64,193548;
2007-09-30;36;82,1;173,35791;33,7;230,3;5,222222;8;31,3;1008,724444;1000,294444;35,753333;28,690667;23,606667;71,166667;4,1;1,954444;59,222222;
2007-10-31;36;91,4;176,001693;130,3;209,1;5,956989;7;130;1007,154839;998,717204;34,2;28,356129;23,980645;71,814516;3,1;1,788172;61,075269;
2007-11-30;36;83,3;175,764995;48,2;163,2;5,911111;5;48,2;1005,952222;997,6;34,02;28,521333;24,423333;71,758333;4;1,787778;51,755556;
2007-12-31;36;53,8;154,268333;154,268333;173,4;7,494624;18;214,8;1006,545161;998,101075;32,625806;27,256129;23,619355;77,403226;3,1;1,823656;54,88172;
2008-01-31;36;40,3;132,987742;132,987742;108,7;8,236559;28;218,7;1006,958065;998,522581;30,903226;26,098065;23,032258;83,653226;3,1;1,7;49,139785;
2008-02-29;36;38,5;127,154005;127,154005;136,8;7,586207;25;333,2;1007,91954;999,481609;31,6;26,274483;22,737931;82,327586;3;1,471264;53,609195;
2008-03-31;36;38,2;129,585497;129,585497;110,5;8,043011;30;528,9;1007,901075;999,545161;30,929032;25,943871;22,877419;85,064516;4;1,483871;49,462366;
2008-04-30;36;37,2;127,886073;127,886073;155,5;7,744444;25;447,3;1006,956667;998,514444;31,313333;26,188;22,923333;84,525;3;1,533333;51,777778;
2008-05-31;18;37,5;134,928219;134,928219;165,5;7,096774;24;257,7;1008,207692;999,76129;31,46129;26,445161;23,048387;84,548387;3;1,27957;56,88172;
2008-06-30;0;47,9;141,000229;132,596505;212,8;5,088889;13;97;1008,948315;1000,483333;32,706667;27,023333;22,87;79,5;3;1;60,111111;
2008-07-31;0;71;155,757639;95,430261;273,9;4,16129;5;54,4;1009,339785;1000,906452;34,090323;27,569032;22,451613;74,846774;3;1,139785;62,591398;
2008-08-31;36;82,9;175,640081;66,719417;269,5;4,419355;8;50,2;1007,580645;999,209677;35,419355;28,383871;22,974194;71,645161;4;1,462366;61,569892;
2008-09-30;36;82,7;177,775034;46,352436;239,8;4,766667;8;41,4;1007,964444;999,545556;35,46;28,76;23,62;69,241667;4;1,633333;63,4;
2008-10-31;36;72;180,514877;129,190026;234,7;5,301075;11;128,5;1007,262366;998,886022;34,374194;28,470968;24,577419;74,379032;4;1,560215;61,655914;
2008-11-30;36;null;187,027919;56,439365;208,6;5,819444;7;55,7;1005,988889;997,682222;34,986667;28,931333;24,653333;71,225;4,11552;1,611912;96,522222;
2008-12-31;36;58,2;158,35161;158,35161;159,4;6,483871;18;265,2;1006,426882;997,950538;32,832258;27,490968;23,770968;78,814516;4;1,44086;55,225806;
2009-01-31;36;42,1;146,134806;146,134806;138,4;7,688172;26;276,4;1007,558242;999,069892;31,741935;26,748387;23,4;83,08871;3;1,360215;53,763441;
2009-02-28;36;37,8;124,44023;124,44023;123,2;7,488095;25;305,8;1007,083333;998,634524;31,353571;26,425;23,2;84,098214;3;1,366667;52,619048;
2009-03-31;36;41;144,392797;144,392797;148,2;7,731183;28;401;1007,104444;998,6;32,167742;26,761935;23,219355;82,370968;3;1,313978;50,258065;
2009-04-30;36;38,7;131,428885;131,428885;113;8,122222;23;560,5;1008,406667;999,95;31,373333;26,413333;23,146667;84,191667;3;1,373333;48,888889;
2009-05-31;27;41,4;136,780916;136,780916;129,3;7,698925;30;428,7;1008,620652;1000,243011;31,529032;26,545806;23,193548;84,346774;3;1,419355;54,623656;
2009-06-30;27;48,4;142,874016;142,874016;203,6;5,388889;18;237,8;1009,307778;1000,816667;32,913333;27,108667;23,24;81,175;3;1,1;59,455556;
2009-07-31;0;63,7;166,062577;124,391575;256,2;4,075269;12;58,5;1009,115054;1000,674194;34,109677;28,082581;23,322581;74,596774;3;1,109677;63,204301;
2009-08-31;0;83,3;191,511745;33,636334;280,7;4,086022;5;4,8;1008,31828;999,891398;35,670968;29,08;23,393548;68,991935;4;1,44086;62,645161;
2009-09-30;0;92,5;196,015996;11,37655;260,7;3,7;2;6,9;1008,591011;1000,26;36,396667;29,464;23,836667;65,7;3;1,564444;61,888889;
2009-10-31;36;99,1;209,031119;31,361826;243,7;4,645161;7;31,8;1006,639785;998,249462;36,741935;29,803871;23,670968;63,120968;3;1,554839;62,731183;
2009-11-30;0;80,6;193,979945;20,910052;190,2;5,044444;4;20,8;1006,055556;997,6;35,726667;29,356667;24,166667;66,091667;4;1,415556;60,266667;
2009-12-31;18;53,3;162,502546;162,502546;104;6,784946;21;291,2;1006,984783;998,569892;32,970968;27,550968;23,406452;79,427419;3;1,204301;53,44086;
2010-01-31;18;41,3;148,086363;148,086363;141;7,021505;25;340,6;1007,437634;998,954839;32,125806;26,911613;22,909677;81,919355;3;1,182796;53,860215;
2010-02-28;18;38,9;140,222662;140,222662;140,3;6,833333;20;265,3;1006,627381;998,175;32,110714;27,206429;23,275;84,517857;3;1,309524;54,642857;
2010-03-31;18;50,4;170,930763;170,930763;213,8;6,236559;22;212,6;1007,235484;998,839785;34,309677;28,113548;23,541935;79,758065;3;1,473118;58,602151;
2010-04-30;18;38,2;151,998664;151,998664;150;8,244444;26;338,7;1007,455056;999,015556;33,206667;27,502667;23,333333;83,041667;3;1,177778;55,444444;
2010-05-31;18;53,1;168,544386;168,544386;210,6;5,258065;19;294,1;1007,825806;999,386022;33,309677;28,169677;23,680645;80,282258;2;1,032258;58,623656;
2010-06-30;18;60,2;160,506567;145,077036;248,2;4,833333;12;77,7;1009,442222;1001,02;34,01;27,999333;22,976667;77,283333;2,1;,967778;63,6;
2010-07-31;18;72,2;172,487611;82,710037;265,7;4,569892;10;53,5;1009,137634;1000,730108;34,729032;28,291613;22,916129;73,822581;3;1,150538;64,344086;
2010-08-31;0;79,4;171,236609;55,884364;288,8;3,935484;6;45,2;1008,86129;1000,462366;35,270968;28,204516;22,558065;74,346774;3;1,215054;64,709677;
2010-09-30;36;76,1;175,534304;25,119627;253,4;5,133333;6;21,8;1007,504444;999,133333;35,306667;28,609333;23,453333;73,5;4;1,622222;62;
2010-10-31;36;92,2;189,658017;15,151394;258,7;4,053763;2;14,4;1006,733333;998,351613;35,974194;28,832903;23,419355;71,137097;4;1,935484;63,526882;
2010-11-30;18;78;171,410901;12,825322;214,1;6;9;127,2;1005,784444;997,422222;34,826667;28,332;23,756667;74,916667;4;1,6;59,444444;
2010-12-31;18;56,3;152,257624;152,257624;162,4;7,11828;17;168,6;1005,620652;997,21828;32,693548;27,029032;23,012903;82,145161;3;1,735484;56,709677;
2011-01-31;27;38,8;127,622657;127,622657;124,4;8,043011;27;411,8;1006,711828;998,291398;31,083871;25,648387;21,932258;87,774194;3;1,655914;53,763441;
2011-02-28;18;36,2;114,656196;114,656196;108,2;8,095238;23;322,9;1007,563095;999,086905;31,553571;25,747857;22,053571;87,696429;3;1,738095;55,47619;
2011-03-31;18;42,2;129,617947;129,617947;136,6;8,139785;25;272,9;1007,208696;998,786022;31,716129;25,94129;22,429032;86,766129;3;1,688172;57,634409;
2011-04-30;18;37,8;122,736103;122,736103;136,1;7,9;23;392,9;1007,946667;999,421111;31,59;26,017333;22,566667;88,833333;3,6;1,602222;55,666667;
2011-05-31;18;46;142,357246;142,357246;161;7,053763;18;223;1007,611828;999,230108;32,406452;26,751613;23,164516;87,33871;3;1,569892;59,032258;
2011-06-30;18;54,6;140,991112;124,876054;233;5,355556;13;78,2;1008,95;1000,515556;33,446667;27,013333;22,643333;84,441667;3;1,211111;63,733333;
2011-07-31;18;67,5;143,95344;75,585012;261,6;4,462366;8;41,3;1009,374194;1000,889247;33,63871;26,916129;22,183871;81,145161;3;1,193548;64,860215;
2011-08-31;18;79,4;166,966091;53,005135;281,3;4,967742;6;39,2;1008,762366;1000,323656;35,477419;28,091613;22,73871;75,548387;3;1,344086;65,010753;
2011-09-30;18;90,1;179,990484;7,821549;258;4,777778;4;3,4;1008,855556;1000,406667;36,04;28,802;23,24;71,15;7,2;1,591111;64,222222;
2011-10-31;18;97,8;182,776513;33,907836;211,3;5,505376;3;43,3;1006,446237;998,045161;35,380645;28,555484;23,541935;72,379032;4;1,870968;62,709677;
2011-11-30;18;60,3;158,820085;89,802008;197,8;6,044444;11;90;1006,824444;998,367778;33,76;27,715333;23,13;78,708333;3;1,466667;61,088889;
2011-12-31;18;79,2;177,693463;8,683528;212,7;5,365591;3;8,6;1006,081522;997,62043;34,767742;28,362581;23,251613;73,532258;4;1,44086;60,537634;
2012-01-31;18;42,6;131,142287;131,142287;102,7;7,860215;26;222,4;1007,745161;999,243011;31,26129;26,047097;22,5;86,483871;3;1,451613;53,978495;
2012-02-29;18;37,6;113,85937;113,85937;133,6;7,931034;27;288,9;1007,618391;999,150575;30,882759;25,451724;21,396552;87,896552;3;1,62069;55,977011;
2012-03-31;27;41,7;127,777882;127,777882;168;8,397849;28;521,8;1008,092473;999,588172;31,754839;25,970968;22,009677;87,129032;3;1,784946;57,204301;
2012-04-30;18;41,6;134,953657;134,953657;185,3;7,344444;22;194,9;1007,818889;999,368889;32,12;26,611333;22,706667;86,308333;3;1,764045;59,111111;
2012-05-31;18;50;144,236592;144,236592;236,2;6,010753;21;162,6;1008,48172;999,94086;32,929032;26,946452;22,683871;85,854839;3;1,496774;60,473118;
2012-06-30;18;53,6;137,296158;112,08949;238,7;5,166667;11;57;1009,866292;1001,412222;32,973333;26,858;22,36;83,641667;4;1,444444;60,644444;
2012-07-31;18;66,7;149,780559;64,061577;236,7;4,806452;10;33,3;1009,273913;1000,865591;33,874194;27,215484;22,141935;79,758065;3;1,354839;62,473118;
2012-08-31;18;89,6;164,884514;21,761072;271,7;4,516129;5;10,8;1009,446154;1000,921505;35,309677;27,964516;22,13871;73,508065;4;1,462366;63,182796;
2012-09-30;0;80;167,009684;31,037754;241,4;5,022222;5;28,8;1009,283333;1000,876667;35,326667;28,257333;22,803333;74,066667;5;1,633333;58,822222;
2012-10-31;18;78;173,86079;128,076864;235,1;5,408602;5;127,8;1006,935165;998,496774;34,451613;28,235484;22,816129;73,604839;8;1,88172;59,935484;
2012-11-30;18;83,3;173,63613;14,17754;207,7;5,133333;3;13,8;1006;997,668889;35,516667;28,779333;23,536667;72,366667;4;1,566667;59,111111;
2012-12-31;27;47,6;146,322666;146,322666;126,3;7,827957;20;251,8;1006,338636;997,898925;32,687097;26,776129;22,296774;83,822581;4;1,892473;54,408602;
2013-01-31;27;29,4;132,950513;132,950513;119,7;8,666667;25;363,2;1007,625275;999,323656;31,46129;26,112903;22,519355;88,879032;12;2,043011;52,473118;
2013-02-28;18;32,2;117,818232;117,818232;104,4;8,481013;25;240,5;1007,110127;998,567089;31,626923;26,02;21,953846;87,153846;3;1,746835;52,78481;
2013-03-31;18;38,4;134,992102;134,992102;136;8,225806;28;478,3;1007,564516;999,129032;31,56129;26,293548;22,625806;88,766129;3;1,72043;53,225806;
2013-04-30;27;38,3;133,184336;133,184336;122,3;7,644444;26;442;1008,063333;999,705556;31,82;26,571333;22,813333;87,466667;3;1,788889;54,611111;
2013-05-31;18;41,7;144,261234;144,261234;185,2;6,022989;9;333,4;1008,55;1000,036782;32,172414;26,897241;23,313793;86,655172;3;1,356322;56,781609;
2013-06-30;18;57,1;152,490507;147,229442;232,8;5,411111;null;125,6;1008,826966;1000,38;33,046667;27,3;23,42;84,233333;3;1,54;60,444444;
2013-07-31;18;59,1;145,871586;139,410831;246,8;5,086022;null;127,9;1009,767391;1001,246237;32,903226;27,047742;22,767742;82,08871;3;1,408602;60;
2013-08-31;18;73,3;171,259668;67,697067;276;4,784946;null;22,6;1008,104301;999,673118;34,43871;28,158065;24,067742;79,435484;3;1,496774;61,72043;
2013-09-30;18;65,2;162,781668;87,843617;237,6;6,033333;null;80,6;1007,976667;999,566667;34,27;28,064667;24,366667;79,058333;3;1,711111;59,2;
2013-10-31;18;79,4;178,257715;74,436146;248;5,602151;null;71,9;1007,21413;998,805376;34,929032;28,472903;24,422581;75,024194;3;1,591398;60,752688;
2013-11-30;18;59,4;156,784204;70,059472;155,5;6,4;null;68,9;1006,073333;997,647778;33,416667;27,633333;23,976667;80,225;4;1,637778;57,333333;
2013-12-31;18;74,4;173,254187;133,670661;203,8;5,354839;null;139,8;1006,745161;998,296774;33,993548;28,083871;24,174194;76,870968;4;1,645161;59,569892;
2014-01-31;27;48,2;146,114615;146,114615;142,4;7,935484;null;195,7;1008,195699;999,746237;31,33871;26,222581;22,729032;84,91129;4;2,064516;55,526882;
2014-02-28;18;32,1;114,616998;114,616998;105,1;8,154762;null;454,1;1007,143373;998,555952;30,928571;25,771429;22,517857;88,919643;3;1,761905;52,619048;
2014-03-31;27;38,1;129,578997;129,578997;127,9;8,924731;null;339,9;1007,749462;999,188172;31,096774;25,95871;22,774194;89,685484;3,6;1,968817;51,397849;
2014-04-30;18;39,3;134,985903;134,985903;152,9;7,655556;null;360,3;1008,048864;999,644444;31,806667;26,572;23,353333;88,416667;4;1,955556;55,444444;
2014-05-31;18;44,6;142,357246;142,231496;160,8;6,688172;null;137,3;1008,351613;999,863441;31,812903;26,788387;23,483871;87,209677;3;1,591398;57,634409;
2014-06-30;18;55,5;146,65971;139,846501;203,2;5,3;null;102;1008,71573;1000,135556;32,666667;27,265333;22,893333;83,208333;3,1;1,546667;58,977778;
2014-07-31;0;65,1;155,739334;73,545602;261,4;4,989247;null;24,4;1010,159341;1001,798925;33,593548;27,535484;23,348387;79,548387;3;1,741935;60,365591;
2014-08-31;18;71,9;162,750532;95,319381;264,9;5,107527;null;85,6;1009,197826;1000,782796;33,712903;27,811613;23,7;78,322581;3;1,698925;61,634409;
2014-09-30;18;79,7;175,571191;79,136618;262,6;4,633333;null;73,4;1008,459211;1000,04;34,786667;28,507333;23,953333;73,75;4;1,697778;61,777778;
2014-10-31;18;76,7;173,819879;90,924521;218,5;6,053763;null;83,2;1007,804301;999,392473;34,322581;28,365806;24,212903;76,637097;4;1,739785;58,860215;
2014-11-30;18;77,8;175,79863;131,07123;223,5;4,888889;null;130,6;1006,775;998,456667;34,666667;28,540667;24,53;75,083333;4;1,728889;60,666667;
2014-12-31;0;83,6;173,254187;15,854885;198,3;5,44086;null;15,2;1007,249462;998,758065;34,329032;28,160645;24,351613;76,967742;3,6;1,552688;60;
2015-01-31;18;64,1;144,179003;144,179003;173,4;7,11828;null;252,7;1008,626882;1000,244086;32,53871;26,729032;23,222581;83,564516;3;1,574504;53,172043;
2015-02-28;0;41;122,740036;122,740036;116;7,309524;null;229,3;1008,144048;999,571429;31,092857;26,200714;23,425;87,401786;7;1,208333;49,333333;
2015-03-31;0;45,4;138,69003;138,69003;145,2;7,215054;null;347,4;1007,708602;999,273118;31,506452;26,430968;23,93871;88,604839;7,2;1,148387;46,709677;
2015-04-30;0;46,8;138,641556;138,641556;186,2;7,022222;null;364,8;1008,133333;999,604444;31,786667;26,805333;23,896667;87,083333;4,3;1,211111;47,166667;
2015-05-31;0;47;152,06084;152,06084;189,3;6,311828;null;152,3;1008,250538;999,850538;32,33871;27,224516;24,254839;87,540323;3,2;,84086;49,935484;
2015-06-30;0;51,5;150,528713;121,442334;217,3;5,555556;null;63,2;1009,306667;1000,904444;32,896667;27,295862;23,796552;84,433333;4,3;,981111;52,022222;
2015-07-31;0;63,1;159,817707;137,207311;256;5,182796;null;124,9;1009,067391;1000,709677;33,445161;27,68;23,717241;81,927419;5;1,121505;49,83871;
2015-08-31;0;78,5;175,632137;37,318212;269,5;4,462366;null;13,7;1008,329032;999,950538;34,870968;28,388;24,013333;76,233871;4,5;1,113978;55,913978;
2015-09-30;5;93,2;189,068424;8,519399;260,5;3,988889;null;3,6;1007,843333;999,497778;35,933333;29,194667;24,563333;70,583333;6;1,881111;51;
2015-10-31;5;96,6;199,242858;26,451805;231,8;4,043011;null;25,7;1007,380645;999,001075;35,722581;29,301935;24,864516;71,846774;5,7;1,654839;50,430108;
2015-11-30;5;98,8;198,812454;28,131776;201,3;4,744444;null;28;1006,036667;997,738889;35,636667;29,482;25,193333;69,541667;6;1,508889;49,888889;
2015-12-31;5;89,7;189,149226;12,824163;127,1;5,913978;null;12,8;1007,464516;999,1;34,577419;28,815484;25,129032;74,290323;5;1,434409;45,376344;
2016-01-31;5;57,9;125,82378;125,82378;112;6,967742;null;156,1;1007,635484;999,239785;32,483871;27,480645;24,526667;83,693548;5;1,490323;38,387097;
2016-02-29;14;46,9;149,056083;149,056083;162,1;7,172414;null;336,1;1007,264368;998,847126;32,668966;27,442759;24,17931;85,62931;4,7;1,197701;41,264368;
2016-03-31;0;37,6;144,336702;144,336702;115;8,043011;null;566,2;1008,243011;999,817204;31,493548;26,771613;24,445161;90,362903;5,3;,866667;30,096774;
2016-04-30;0;39;148,056499;148,056499;127,4;7,877778;null;441;1007,196667;998,686667;32,29;27,322667;24,573333;89,158333;2,7;,591111;36,277778;
2016-05-31;0;null;160,132064;160,132064;130,2;7,272727;null;217,1;1008,655385;1000,231818;32,845455;27,737273;24,677273;86,443182;2,2;,486364;44,242424;
2016-06-30;0;null;158,480967;135,18988;245;5,590909;null;72,7;1009,859091;1001,54697;33,704545;27,870909;24,022727;81,306818;2,7;,578788;50,984848;
2016-07-31;null;null;null;null;null;null;null;null;null;null;null;null;null;null;null;null;null;
2016-08-31;5;null;196,350939;40,291031;null;5,235294;null;36,3;1008,475;1000,145588;35,882609;29,27913;24,243478;70,25;4;1,158824;55,588235;
2016-09-30;5;null;186,815778;94,012528;null;6,269841;null;70,4;1007,993651;999,661905;35,147619;29,057143;24,72381;71,369048;4,6;1,238095;47,460317;
2016-10-31;0;null;187,421272;185,208709;null;6,766667;null;185,2;1006,138983;997,811667;34,085;28,835;24,425;73,45;3,3;,998333;45,033333;
2016-11-30;5;null;189,392644;4,92664;null;6,740741;null;4,6;1005,540741;997,22963;34,555556;29,146667;24,883333;72,736111;5;1,127778;47,685185;
2016-12-31;0;null;164,620728;164,620728;null;7,432836;null;350,8;1006,370149;997,971642;32,890909;27,708182;23,9;79,795455;3,7;,837313;39,328358;
2017-01-31;0;null;136,620697;136,620697;null;8,030769;null;318,8;1007,498462;999,066154;31,045455;26,269091;22,986364;83,534091;4,7;,736923;33,8;
2017-02-28;32;null;121,083312;121,083312;null;8,517241;null;377,1;1007,505263;999,084483;30,778947;26,193684;23,378947;85,605263;3,7;,884483;31,034483;
2017-03-31;32;null;142,460308;142,460308;122,1;8,25;null;229,1;1007,529412;999,097059;31,5;26,804348;23,634783;83,684783;2,3;,683824;34,779412;
2017-04-30;0;null;146,165832;146,165832;null;7,819672;null;369,2;1007,75082;998,909836;31,9;27,214;23,7;82,875;3,2;,801639;36,639344;
2017-05-31;0;null;162,231589;162,231589;null;7,220588;null;216,6;1008,270588;999,494118;32,317391;27,8;24,217391;80,532609;4;,777941;41,779412;
2017-06-30;0;null;164,649926;121,062323;225,5;6,348485;null;54,2;1008,266154;999,842424;33,290909;28,203636;24,027273;77,159091;2,7;,554545;48,560606;
2017-07-31;null;null;null;null;null;null;null;19,7;null;null;null;null;null;null;null;null;null;
2017-08-31;0;84,8;156,57157;95,078411;282,1;5,369565;null;72,3;1008,265217;999,923913;null;null;24,116667;69,637097;5;1,336957;49,836957;
2017-09-30;32;null;146,789917;69,156184;241,4;6,528571;null;59,1;1008,04;999,647143;null;null;24,147826;71,76087;3,7;1,398571;44,642857;
2017-10-31;0;75,5;148,843421;41,433162;195,1;6,536585;null;36,6;1006,471084;998,157831;null;null;24,417857;69,696429;9,7;1,522892;42,650602;
2017-11-30;0;91,9;144,961019;5,563758;174,7;6,622222;null;3,8;1005,526667;997,197778;null;null;24,763333;66,333333;3,8;1,027778;46,666667;
2017-12-31;0;68,8;150,251056;150,251056;133;7,054348;null;227,2;1006,352174;997,978495;null;null;24,041935;74,854839;5,7;1,036559;39,107527;
2018-01-31;0;51,2;150,041839;150,041839;182,6;6,903226;null;190,4;1006,970968;998,545161;null;null;23,264516;78,701613;3,7;1,108602;40,806452;
2018-02-28;0;34,9;134,79759;134,79759;97,4;8,011905;null;279,9;1007,27381;998,882143;null;null;23,139286;84,383929;3,5;,703571;32,392857;
2018-03-31;0;41,9;148,253256;148,253256;152,5;7,806452;null;514,2;1007,38022;998,921505;null;null;23,141935;84,032258;4,3;,882796;35,806452;
2018-04-30;0;38,1;109,739776;109,739776;146,6;7,122222;null;333,3;1008,262222;999,816667;null;null;22,733333;83,883333;5;,998889;38,055556;
2018-05-31;0;51,1;146,183481;120,651315;217,1;6,268817;null;65,2;1008,81828;1000,410753;null;null;23,470968;79,056452;3;,997849;43,548387;
2018-06-30;0;62,1;148,585149;103,300534;254,8;4,744444;null;81,6;1009,514607;1001,096667;null;null;23,06;75,675;3,6;,734444;52,111111;
2018-07-31;0;null;145,871586;54,9489;null;5,275362;null;40,3;1009,395652;1000,965217;null;null;22,682609;73,597826;2,8;1,124638;45,289855;
2018-08-31;0;77,1;146,65109;43,818071;278,2;5,516129;null;38,6;1009,530435;1001,108602;null;null;23,090323;71,596774;4,3;1,209677;48,333333;
2018-09-30;0;null;142,975791;70,00675;214,7;4,970149;null;68,6;1007,037313;998,713433;null;null;23,672727;70,738636;4,3;1,104478;49,104478;
2018-10-31;0;82,2;148,843421;39,351663;257,5;5,663043;null;38,5;1006,78913;998,356522;null;null;24,222581;67,435484;4;1,263043;45,054348;
2018-11-30;0;74,6;144,961019;144,961019;167,5;6,733333;null;216,4;1006,13;997,733333;null;null;24,17;71,833333;3,5;1,112222;41,5;
2018-12-31;0;45,1;150,251056;150,251056;142,1;7,172043;null;305,9;1008,419355;999,974194;null;null;22,374194;81,104839;3,2;,954839;34,193548;
2019-01-31;0;44;150,041839;150,041839;143,4;7,27957;null;297,3;1008,658696;1000,17957;null;null;22,348387;82,322581;3,3;1,005376;32,688172;
2019-02-28;0;33,1;134,79759;134,79759;100,3;7,916667;null;256,6;1008,2;999,709524;null;null;22,560714;84,205357;7;1,322619;25,357143;
2019-03-31;0;null;148,253059;148,253059;121,2;7,780488;null;216,6;1008,256098;999,871951;null;null;22,4;85,435185;4,7;1,3;29,817073;
2019-04-30;0;33,8;142,368471;142,368471;139,1;7,179775;null;313,3;1008,213483;999,768539;null;null;22,536667;84,9;3,3;,851685;36,460674;
2019-05-31;0;44,2;146,1848;146,1848;201,3;6,612903;null;292,1;1007,694624;999,324731;null;null;22,832258;81,193548;3;,809677;42,150538;
2019-06-30;0;null;140,992747;122,383935;207,3;5,315068;null;73,1;1009,224658;1000,830137;null;null;22,56;77,229167;3;,934247;50,273973;
2019-07-31;null;null;null;null;null;null;null;29,7;null;null;null;null;null;null;null;null;null;
2019-08-31;0;null;null;null;null;5,343284;null;56,2;1009,60597;1001,241791;34,836364;28,417273;22,045455;69,909091;3,7;1,31791;49,701493;
2019-09-30;0;null;null;null;null;5,33871;null;67,6;1007,843548;999,493548;35,042857;28,704762;22,385714;70,202381;4,7;1,341935;50,645161;
2019-10-31;0;null;null;null;null;6,782609;null;84,6;1006,657971;998,321739;34,613043;28,423478;22,473913;71,532609;3,7;1,126087;44,057971;
2019-11-30;0;null;null;null;null;6,311475;null;132,4;1005,801667;997,427869;33,58;28,037;22,34;75,1625;3,3;1,160656;44,377049;
2019-12-31;0;null;null;null;null;6,885246;null;171,4;1006,144262;997,801639;32,81;27,362;22,2;79,775;3,60108;1,071047;95,967213;
2020-01-31;0;null;null;null;null;7,632576;null;228,1;1008,118182;999,718182;31,4;26,31;21,240909;82,306818;4,62996;1,091236;95,560606;
2020-02-29;0;null;null;null;null;8,07377;null;277,4;1007,877049;999,465574;31,82;26,232;21,285;83,5375;4,62996;1,079481;95,393443;
2020-03-31;0;null;null;null;null;7,605634;null;399,3;1007,838028;999,497183;31,395455;26,348182;20,984;82,659091;4,62996;1,210021;95,690141;
2020-04-30;0;null;null;null;null;7,830882;null;382,8;1008,382353;999,966176;31,195;26,111;21,1625;87,125;4,62996;,779225;95,352941;
2020-05-31;null;null;null;null;null;null;null;null;null;null;null;null;null;null;null;null;null;
2020-06-30;0;null;null;null;null;6,227679;11;57,2;1008,983929;1000,567857;33,16087;27,321739;21,092;82,369565;4,11552;,64305;96,285714;
2020-07-31;0;null;null;null;235,6;5,138889;3;17,1;1008,759259;1000,398148;35,211111;28,391111;21,037037;74;3,08664;,504913;96,388889;
2020-08-31;0;null;null;null;220,6;5,120192;3;61;1008,517647;1000,205769;35,826923;28,51;20,819231;73,384615;3,60108;1,018987;96,173077;
2020-09-30;null;null;null;null;null;null;null;null;null;null;null;null;null;null;null;null;null;

